USER;GAME;DATE;TIME;LANZAMIENTOS_GENERADOS;PARADAS;GOLES;N_LUCES;TRACKING_FILE;MODE;LEVEL;K_HANDBALLADAPTED;IDEJERCICIO;GOLESOBJETIVO;TIEMPOOBJETIVO;TIPO_BOLA;ID_BOLA;PUNTO_INICIAL_BOLA;ID_PUNTO_INICIAL_BOLA;PUNTO_FINAL_BOLA;ID_PUNTO_FINAL_BOLA;PARADA_BOLA;MANO_PARADA;TIEMPO_DISPARO;TIEMPO_PARADA_O_GOL
25;HandBall;2025-07-04 16:32:27;18.99955;5;5;0;0;/storage/emulated/0/Android/data/com.RehabImmersive.HGTrainer/HandBall/25/TrackingData/OculusTracking_20250704_163227.csv;FixedShoots;Beginner;Handball;14;;;1,1,1,1,1;1,2,3,4,5;(4.79, 1.16, -1.07),(4.80, 1.16, -1.77),(4.85, 1.17, -1.94),(4.87, 1.16, -1.83),(4.88, 1.16, -1.65);Central,Central,Central,Central,Central;(15.75, 1.66, 0.09),(15.75, 1.86, -0.06),(15.75, 1.73, -0.02),(15.75, 1.71, 0.18),(15.75, 1.76, 0.15);Centro,Centro,Centro,Centro,Centro;Parada,Parada,Parada,Parada,Parada;Head,Head,Head,Head,Head;0.012466,3.806205,7.610109,11.403529,15.208281;1.178604,4.970361,8.775878,12.581156,16.373266

USER;GAME;DATE;TIME;LANZAMIENTOS_GENERADOS;PARADAS;GOLES;N_LUCES;TRACKING_FILE;MODE;LEVEL;K_HANDBALLADAPTED;IDEJERCICIO;GOLESOBJETIVO;TIEMPOOBJETIVO;TIPO_BOLA;ID_BOLA;PUNTO_INICIAL_BOLA;ID_PUNTO_INICIAL_BOLA;PUNTO_FINAL_BOLA;ID_PUNTO_FINAL_BOLA;PARADA_BOLA;MANO_PARADA;TIEMPO_DISPARO;TIEMPO_PARADA_O_GOL
25;HandBall;2025-07-04 16:32:59;18.99946;5;5;0;0;/storage/emulated/0/Android/data/com.RehabImmersive.HGTrainer/HandBall/25/TrackingData/OculusTracking_20250704_163259.csv;FixedShoots;Beginner;Handball;15;;;1,1,1,1,1;1,2,3,4,5;(4.79, 1.16, -1.07),(4.80, 1.15, -0.71),(4.77, 1.15, -1.08),(4.79, 1.15, -1.42),(4.81, 1.15, -1.77);Central,Central,Central,Central,Central;(15.75, 1.18, 0.11),(15.75, 1.27, 0.17),(15.75, 1.30, -0.02),(15.75, 1.36, -0.08),(15.75, 1.35, 0.05);CentroBajo,CentroBajo,CentroBajo,CentroBajo,CentroBajo;Parada,Parada,Parada,Parada,Parada;Trunk,Trunk,Trunk,Trunk,Trunk;0.012669,3.804749,7.610394,11.402015,15.20708;1.164543,4.970452,8.77514,12.581159,16.372741

USER;GAME;DATE;TIME;LANZAMIENTOS_GENERADOS;PARADAS;GOLES;N_LUCES;TRACKING_FILE;MODE;LEVEL;K_HANDBALLADAPTED;IDEJERCICIO;GOLESOBJETIVO;TIEMPOOBJETIVO;TIPO_BOLA;ID_BOLA;PUNTO_INICIAL_BOLA;ID_PUNTO_INICIAL_BOLA;PUNTO_FINAL_BOLA;ID_PUNTO_FINAL_BOLA;PARADA_BOLA;MANO_PARADA;TIEMPO_DISPARO;TIEMPO_PARADA_O_GOL
25;HandBall;2025-07-04 16:33:29;19.0001;5;5;0;0;/storage/emulated/0/Android/data/com.RehabImmersive.HGTrainer/HandBall/25/TrackingData/OculusTracking_20250704_163329.csv;FixedShoots;Beginner;Handball;16;;;1,1,1,1,1;1,2,3,4,5;(4.79, 1.16, -1.07),(4.74, 1.15, -2.02),(4.82, 1.15, -2.18),(4.83, 1.15, -1.86),(4.82, 1.15, -1.53);Central,Central,Central,Central,Central;(15.75, 1.38, -0.50),(15.75, 1.28, -0.63),(15.75, 1.17, -0.64),(15.75, 1.28, -0.44),(15.75, 1.27, -0.58);CentroIzquierdaBajo,CentroIzquierdaBajo,CentroIzquierdaBajo,CentroIzquierdaBajo,CentroIzquierdaBajo;Parada,Parada,Parada,Parada,Parada;LeftForearm,LeftHand,LeftHand,LeftForearm,LeftForearm;0.012631,3.80517,7.598365,11.402474,15.207332;1.179134,4.957433,8.762693,12.568277,16.373086

USER;GAME;DATE;TIME;LANZAMIENTOS_GENERADOS;PARADAS;GOLES;N_LUCES;TRACKING_FILE;MODE;LEVEL;K_HANDBALLADAPTED;IDEJERCICIO;GOLESOBJETIVO;TIEMPOOBJETIVO;TIPO_BOLA;ID_BOLA;PUNTO_INICIAL_BOLA;ID_PUNTO_INICIAL_BOLA;PUNTO_FINAL_BOLA;ID_PUNTO_FINAL_BOLA;PARADA_BOLA;MANO_PARADA;TIEMPO_DISPARO;TIEMPO_PARADA_O_GOL
25;HandBall;2025-07-04 16:33:57;19.00082;5;5;0;0;/storage/emulated/0/Android/data/com.RehabImmersive.HGTrainer/HandBall/25/TrackingData/OculusTracking_20250704_163357.csv;FixedShoots;Beginner;Handball;17;;;1,1,1,1,1;1,2,3,4,5;(4.79, 1.16, -1.07),(4.85, 1.15, -1.07),(4.86, 1.15, -1.79),(4.93, 1.15, -1.21),(4.86, 1.15, -0.52);Central,Central,Central,Central,Central;(15.75, 1.39, 0.68),(15.75, 1.25, 0.73),(15.75, 1.27, 0.74),(15.75, 1.38, 0.61),(15.75, 1.32, 0.55);CentroDerechaBajo,CentroDerechaBajo,CentroDerechaBajo,CentroDerechaBajo,CentroDerechaBajo;Parada,Parada,Parada,Parada,Parada;RightHand,RightHand,RightHand,RightHand,RightForearm;0.012659,3.80615,7.61118,11.404548,15.208282;1.193242,4.986006,8.805141,12.582263,16.374487

USER;GAME;DATE;TIME;LANZAMIENTOS_GENERADOS;PARADAS;GOLES;N_LUCES;TRACKING_FILE;MODE;LEVEL;K_HANDBALLADAPTED;IDEJERCICIO;GOLESOBJETIVO;TIEMPOOBJETIVO;TIPO_BOLA;ID_BOLA;PUNTO_INICIAL_BOLA;ID_PUNTO_INICIAL_BOLA;PUNTO_FINAL_BOLA;ID_PUNTO_FINAL_BOLA;PARADA_BOLA;MANO_PARADA;TIEMPO_DISPARO;TIEMPO_PARADA_O_GOL
25;HandBall;2025-07-04 16:34:26;19.01238;5;4;1;0;/storage/emulated/0/Android/data/com.RehabImmersive.HGTrainer/HandBall/25/TrackingData/OculusTracking_20250704_163426.csv;FixedShoots;Beginner;Handball;18;;;1,1,1,1,1;1,2,3,4,5;(4.79, 1.16, -1.07),(4.85, 1.16, -1.40),(4.87, 1.16, -0.59),(4.82, 1.16, -1.59),(4.90, 1.17, -0.42);Central,Central,Central,Central,Central;(15.75, 1.69, 0.62),(15.75, 1.72, 0.54),(15.75, 1.69, 0.77),(15.75, 1.88, 0.65),(15.75, 1.77, 0.77);CentroDerecha,CentroDerecha,CentroDerecha,CentroDerecha,CentroDerecha;Parada,Parada,Parada,Gol recibido,Parada;RightHand,RightHand,RightHand,No parada,RightHand;0.012362,3.805243,7.610846,11.405186,15.208127;1.178938,4.970447,8.776703,12.707412,16.344327

USER;GAME;DATE;TIME;LANZAMIENTOS_GENERADOS;PARADAS;GOLES;N_LUCES;TRACKING_FILE;MODE;LEVEL;K_HANDBALLADAPTED;IDEJERCICIO;GOLESOBJETIVO;TIEMPOOBJETIVO;TIPO_BOLA;ID_BOLA;PUNTO_INICIAL_BOLA;ID_PUNTO_INICIAL_BOLA;PUNTO_FINAL_BOLA;ID_PUNTO_FINAL_BOLA;PARADA_BOLA;MANO_PARADA;TIEMPO_DISPARO;TIEMPO_PARADA_O_GOL
25;HandBall;2025-07-04 16:34:55;19.00009;5;5;0;0;/storage/emulated/0/Android/data/com.RehabImmersive.HGTrainer/HandBall/25/TrackingData/OculusTracking_20250704_163455.csv;FixedShoots;Beginner;Handball;19;;;1,1,1,1,1;1,2,3,4,5;(4.79, 1.16, -1.07),(4.75, 1.16, -1.60),(4.77, 1.16, -0.87),(4.72, 1.17, -0.18),(4.64, 1.16, -0.57);Central,Central,Central,Central,Central;(15.75, 1.68, -0.42),(15.75, 1.77, -0.71),(15.75, 1.93, -0.52),(15.75, 1.73, -0.66),(15.75, 1.69, -0.68);CentroIzquierda,CentroIzquierda,CentroIzquierda,CentroIzquierda,CentroIzquierda;Parada,Parada,Parada,Parada,Parada;LeftHand,LeftHand,LeftHand,LeftHand,LeftHand;0.012298,3.805165,7.598068,11.402753,15.207195;1.151275,4.956516,8.762108,12.552907,16.373252

USER;GAME;DATE;TIME;LANZAMIENTOS_GENERADOS;PARADAS;GOLES;N_LUCES;TRACKING_FILE;MODE;LEVEL;K_HANDBALLADAPTED;IDEJERCICIO;GOLESOBJETIVO;TIEMPOOBJETIVO;TIPO_BOLA;ID_BOLA;PUNTO_INICIAL_BOLA;ID_PUNTO_INICIAL_BOLA;PUNTO_FINAL_BOLA;ID_PUNTO_FINAL_BOLA;PARADA_BOLA;MANO_PARADA;TIEMPO_DISPARO;TIEMPO_PARADA_O_GOL
25;HandBall;2025-07-04 16:35:23;18.99953;5;4;1;0;/storage/emulated/0/Android/data/com.RehabImmersive.HGTrainer/HandBall/25/TrackingData/OculusTracking_20250704_163523.csv;FixedShoots;Beginner;Handball;20;;;1,1,1,1,1;1,2,3,4,5;(4.79, 1.16, -1.07),(4.68, 1.15, -1.69),(4.75, 1.15, -0.82),(4.65, 1.15, -0.67),(4.63, 1.15, -1.54);Central,Central,Central,Central,Central;(15.75, 1.40, -1.15),(15.75, 1.30, -1.03),(15.75, 1.27, -1.15),(15.75, 1.19, -1.19),(15.75, 1.30, -1.25);BajoIzquierda,BajoIzquierda,BajoIzquierda,BajoIzquierda,BajoIzquierda;Parada,Parada,Gol recibido,Parada,Parada;LeftHand,LeftHand,No parada,LeftHand,LeftHand;0.01254,3.805669,7.599027,11.403161,15.207763;1.138228,4.957421,8.874737,12.582669,16.38756

USER;GAME;DATE;TIME;LANZAMIENTOS_GENERADOS;PARADAS;GOLES;N_LUCES;TRACKING_FILE;MODE;LEVEL;K_HANDBALLADAPTED;IDEJERCICIO;GOLESOBJETIVO;TIEMPOOBJETIVO;TIPO_BOLA;ID_BOLA;PUNTO_INICIAL_BOLA;ID_PUNTO_INICIAL_BOLA;PUNTO_FINAL_BOLA;ID_PUNTO_FINAL_BOLA;PARADA_BOLA;MANO_PARADA;TIEMPO_DISPARO;TIEMPO_PARADA_O_GOL
25;HandBall;2025-07-04 16:35:54;19.00118;5;5;0;0;/storage/emulated/0/Android/data/com.RehabImmersive.HGTrainer/HandBall/25/TrackingData/OculusTracking_20250704_163554.csv;FixedShoots;Beginner;Handball;21;;;1,1,1,1,1;1,2,3,4,5;(4.79, 1.16, -1.07),(4.89, 1.15, -1.20),(4.91, 1.15, -1.10),(4.90, 1.15, -1.03),(4.89, 1.15, -0.94);Central,Central,Central,Central,Central;(15.75, 1.36, 1.14),(15.75, 1.23, 1.11),(15.75, 1.40, 1.11),(15.75, 1.18, 1.09),(15.75, 1.14, 1.36);BajoDerecha,BajoDerecha,BajoDerecha,BajoDerecha,BajoDerecha;Parada,Parada,Parada,Parada,Parada;RightHand,RightHand,RightHand,RightForearm,RightHand;0.012556,3.80595,7.601049,11.403765,15.208673;1.19315,4.971715,8.777227,12.58316,16.401266

USER;GAME;DATE;TIME;LANZAMIENTOS_GENERADOS;PARADAS;GOLES;N_LUCES;TRACKING_FILE;MODE;LEVEL;K_HANDBALLADAPTED;IDEJERCICIO;GOLESOBJETIVO;TIEMPOOBJETIVO;TIPO_BOLA;ID_BOLA;PUNTO_INICIAL_BOLA;ID_PUNTO_INICIAL_BOLA;PUNTO_FINAL_BOLA;ID_PUNTO_FINAL_BOLA;PARADA_BOLA;MANO_PARADA;TIEMPO_DISPARO;TIEMPO_PARADA_O_GOL
25;HandBall;2025-07-04 16:36:55;18.99965;5;4;1;0;/storage/emulated/0/Android/data/com.RehabImmersive.HGTrainer/HandBall/25/TrackingData/OculusTracking_20250704_163655.csv;FixedShoots;Beginner;Handball;23;;;1,1,1,1,1;1,2,3,4,5;(4.79, 1.16, -1.07),(4.91, 1.16, -1.50),(4.94, 1.16, -1.58),(4.95, 1.17, -0.62),(4.87, 1.16, -0.37);Central,Central,Central,Central,Central;(15.75, 1.64, 1.31),(15.75, 1.79, 1.23),(15.75, 1.85, 1.24),(15.75, 1.70, 1.30),(15.75, 1.84, 1.16);EscuadraDerecha,EscuadraDerecha,EscuadraDerecha,EscuadraDerecha,EscuadraDerecha;Gol recibido,Parada,Parada,Parada,Parada;No parada,RightHand,RightHand,RightHand,RightHand;0.012614,3.80579,7.598899,11.40364,15.207573;1.304552,4.984863,8.790634,12.554974,16.373246

USER;GAME;DATE;TIME;LANZAMIENTOS_GENERADOS;PARADAS;GOLES;N_LUCES;TRACKING_FILE;MODE;LEVEL;K_HANDBALLADAPTED;IDEJERCICIO;GOLESOBJETIVO;TIEMPOOBJETIVO;TIPO_BOLA;ID_BOLA;PUNTO_INICIAL_BOLA;ID_PUNTO_INICIAL_BOLA;PUNTO_FINAL_BOLA;ID_PUNTO_FINAL_BOLA;PARADA_BOLA;MANO_PARADA;TIEMPO_DISPARO;TIEMPO_PARADA_O_GOL
25;HandBall;2025-07-04 16:38:31;19.00147;5;5;0;0;/storage/emulated/0/Android/data/com.RehabImmersive.HGTrainer/HandBall/25/TrackingData/OculusTracking_20250704_163831.csv;FixedShoots;Beginner;Handball;26;;;1,1,1,1,1;1,2,3,4,5;(4.79, 1.16, -1.07),(4.67, 1.17, -0.93),(4.67, 1.16, -0.12),(4.60, 1.16, -0.49),(4.62, 1.16, -1.30);Central,Central,Central,Central,Central;(15.75, 1.89, -1.21),(15.75, 1.68, -1.03),(15.75, 1.79, -1.04),(15.75, 1.66, -1.13),(15.75, 1.76, -1.05);EscuadraIzquierda,EscuadraIzquierda,EscuadraIzquierda,EscuadraIzquierda,EscuadraIzquierda;Parada,Parada,Parada,Parada,Parada;LeftHand,LeftHand,LeftHand,LeftHand,LeftHand;0.012762,3.806434,7.599942,11.404436,15.208358;1.167205,4.986336,8.792079,12.59763,16.389347

USER;GAME;DATE;TIME;LANZAMIENTOS_GENERADOS;PARADAS;GOLES;N_LUCES;TRACKING_FILE;MODE;LEVEL;K_HANDBALLADAPTED;IDEJERCICIO;GOLESOBJETIVO;TIEMPOOBJETIVO;TIPO_BOLA;ID_BOLA;PUNTO_INICIAL_BOLA;ID_PUNTO_INICIAL_BOLA;PUNTO_FINAL_BOLA;ID_PUNTO_FINAL_BOLA;PARADA_BOLA;MANO_PARADA;TIEMPO_DISPARO;TIEMPO_PARADA_O_GOL
25;HandBall;2025-07-04 16:39:02;19.00072;5;4;1;0;/storage/emulated/0/Android/data/com.RehabImmersive.HGTrainer/HandBall/25/TrackingData/OculusTracking_20250704_163902.csv;FixedShoots;Beginner;Handball;27;;;1,1,1,1,1;1,2,3,4,5;(4.79, 1.16, -1.07),(4.69, 1.17, -1.60),(4.72, 1.16, -1.18),(4.69, 1.17, -0.75),(4.65, 1.16, -0.34);Central,Central,Central,Central,Central;(15.75, 1.90, -1.03),(15.75, 1.77, -1.20),(15.75, 1.92, -1.09),(15.75, 1.74, -1.15),(15.75, 1.71, -1.06);EscuadraIzquierda,EscuadraIzquierda,EscuadraIzquierda,EscuadraIzquierda,EscuadraIzquierda;Parada,Parada,Gol recibido,Parada,Parada;LeftHand,LeftHand,No parada,LeftHand,LeftHand;0.012485,3.805241,7.599556,11.403671,15.209042;1.180358,4.970844,8.889948,12.569301,16.402261

USER;GAME;DATE;TIME;LANZAMIENTOS_GENERADOS;PARADAS;GOLES;N_LUCES;TRACKING_FILE;MODE;LEVEL;K_HANDBALLADAPTED;IDEJERCICIO;GOLESOBJETIVO;TIEMPOOBJETIVO;TIPO_BOLA;ID_BOLA;PUNTO_INICIAL_BOLA;ID_PUNTO_INICIAL_BOLA;PUNTO_FINAL_BOLA;ID_PUNTO_FINAL_BOLA;PARADA_BOLA;MANO_PARADA;TIEMPO_DISPARO;TIEMPO_PARADA_O_GOL
25;HandBall;2025-07-04 16:39:31;19.00054;5;4;1;0;/storage/emulated/0/Android/data/com.RehabImmersive.HGTrainer/HandBall/25/TrackingData/OculusTracking_20250704_163931.csv;FixedShoots;Beginner;Handball;28;;;1,1,1,1,1;1,2,3,4,5;(4.79, 1.16, -1.07),(4.90, 1.16, -1.61),(4.96, 1.16, -0.41),(4.86, 1.16, -0.95),(4.91, 1.17, -1.81);Central,Central,Central,Central,Central;(15.75, 1.64, 1.23),(15.75, 1.70, 1.26),(15.75, 1.75, 1.37),(15.75, 1.90, 1.37),(15.75, 1.69, 1.26);EscuadraDerecha,EscuadraDerecha,EscuadraDerecha,EscuadraDerecha,EscuadraDerecha;Parada,Parada,Parada,Gol recibido,Parada;RightHand,RightHand,RightHand,No parada,RightHand;0.012542,3.804998,7.610818,11.404002,15.20743;1.207371,4.998746,8.748528,12.708141,16.387685

USER;GAME;DATE;TIME;LANZAMIENTOS_GENERADOS;PARADAS;GOLES;N_LUCES;TRACKING_FILE;MODE;LEVEL;K_HANDBALLADAPTED;IDEJERCICIO;GOLESOBJETIVO;TIEMPOOBJETIVO;TIPO_BOLA;ID_BOLA;PUNTO_INICIAL_BOLA;ID_PUNTO_INICIAL_BOLA;PUNTO_FINAL_BOLA;ID_PUNTO_FINAL_BOLA;PARADA_BOLA;MANO_PARADA;TIEMPO_DISPARO;TIEMPO_PARADA_O_GOL
25;HandBall;2025-07-04 16:40:00;18.99989;5;5;0;0;/storage/emulated/0/Android/data/com.RehabImmersive.HGTrainer/HandBall/25/TrackingData/OculusTracking_20250704_164000.csv;FixedShoots;Beginner;Handball;29;;;1,1,1,1,1;1,2,3,4,5;(4.79, 1.16, -1.07),(4.92, 1.15, -0.36),(4.84, 1.15, -1.07),(4.90, 1.15, -1.75),(4.96, 1.15, -1.48);Central,Central,Central,Central,Central;(15.75, 1.37, 1.38),(15.75, 1.32, 1.17),(15.75, 1.19, 1.19),(15.75, 1.31, 1.18),(15.75, 1.42, 1.23);BajoDerecha,BajoDerecha,BajoDerecha,BajoDerecha,BajoDerecha;Parada,Parada,Parada,Parada,Parada;RightHand,RightHand,RightHand,RightHand,RightHand;0.012478,3.805464,7.610683,11.404571,15.208064;1.191646,4.95652,8.790837,12.609736,16.400675

USER;GAME;DATE;TIME;LANZAMIENTOS_GENERADOS;PARADAS;GOLES;N_LUCES;TRACKING_FILE;MODE;LEVEL;K_HANDBALLADAPTED;IDEJERCICIO;GOLESOBJETIVO;TIEMPOOBJETIVO;TIPO_BOLA;ID_BOLA;PUNTO_INICIAL_BOLA;ID_PUNTO_INICIAL_BOLA;PUNTO_FINAL_BOLA;ID_PUNTO_FINAL_BOLA;PARADA_BOLA;MANO_PARADA;TIEMPO_DISPARO;TIEMPO_PARADA_O_GOL
25;HandBall;2025-07-04 16:40:28;18.99994;5;5;0;0;/storage/emulated/0/Android/data/com.RehabImmersive.HGTrainer/HandBall/25/TrackingData/OculusTracking_20250704_164028.csv;FixedShoots;Beginner;Handball;30;;;1,1,1,1,1;1,2,3,4,5;(4.79, 1.16, -1.07),(4.67, 1.15, -0.42),(4.62, 1.15, -0.91),(4.66, 1.15, -1.38),(4.71, 1.15, -1.84);Central,Central,Central,Central,Central;(15.75, 1.14, -1.25),(15.75, 1.13, -1.10),(15.75, 1.36, -1.12),(15.75, 1.26, -1.13),(15.75, 1.27, -1.27);BajoIzquierda,BajoIzquierda,BajoIzquierda,BajoIzquierda,BajoIzquierda;Parada,Parada,Parada,Parada,Parada;LeftHand,LeftHand,LeftHand,LeftHand,LeftHand;0.012656,3.806395,7.611444,11.403698,15.208836;1.152284,4.971641,8.791319,12.59664,16.374119

USER;GAME;DATE;TIME;LANZAMIENTOS_GENERADOS;PARADAS;GOLES;N_LUCES;TRACKING_FILE;MODE;LEVEL;K_HANDBALLADAPTED;IDEJERCICIO;GOLESOBJETIVO;TIEMPOOBJETIVO;TIPO_BOLA;ID_BOLA;PUNTO_INICIAL_BOLA;ID_PUNTO_INICIAL_BOLA;PUNTO_FINAL_BOLA;ID_PUNTO_FINAL_BOLA;PARADA_BOLA;MANO_PARADA;TIEMPO_DISPARO;TIEMPO_PARADA_O_GOL
25;HandBall;2025-07-04 16:40:57;19.00113;5;5;0;0;/storage/emulated/0/Android/data/com.RehabImmersive.HGTrainer/HandBall/25/TrackingData/OculusTracking_20250704_164057.csv;FixedShoots;Beginner;Handball;31;;;1,1,1,1,1;1,2,3,4,5;(4.79, 1.16, -1.07),(4.74, 1.17, -0.80),(4.71, 1.17, -0.68),(4.69, 1.17, -0.57),(4.69, 1.16, -0.45);Central,Central,Central,Central,Central;(15.75, 1.92, -0.46),(15.75, 1.89, -0.58),(15.75, 1.84, -0.63),(15.75, 1.64, -0.46),(15.75, 1.77, -0.68);CentroIzquierda,CentroIzquierda,CentroIzquierda,CentroIzquierda,CentroIzquierda;Parada,Parada,Parada,Parada,Parada;LeftHand,LeftHand,LeftHand,LeftHand,LeftHand;0.01268,3.806279,7.599964,11.403945,15.208411;1.180419,4.95795,8.77707,12.569235,16.374278

USER;GAME;DATE;TIME;LANZAMIENTOS_GENERADOS;PARADAS;GOLES;N_LUCES;TRACKING_FILE;MODE;LEVEL;K_HANDBALLADAPTED;IDEJERCICIO;GOLESOBJETIVO;TIEMPOOBJETIVO;TIPO_BOLA;ID_BOLA;PUNTO_INICIAL_BOLA;ID_PUNTO_INICIAL_BOLA;PUNTO_FINAL_BOLA;ID_PUNTO_FINAL_BOLA;PARADA_BOLA;MANO_PARADA;TIEMPO_DISPARO;TIEMPO_PARADA_O_GOL
25;HandBall;2025-07-04 16:41:26;18.99945;5;5;0;0;/storage/emulated/0/Android/data/com.RehabImmersive.HGTrainer/HandBall/25/TrackingData/OculusTracking_20250704_164126.csv;FixedShoots;Beginner;Handball;32;;;1,1,1,1,1;1,2,3,4,5;(4.79, 1.16, -1.07),(4.86, 1.16, -1.17),(4.87, 1.16, -1.29),(4.87, 1.16, -1.43),(4.89, 1.17, -1.54);Central,Central,Central,Central,Central;(15.75, 1.78, 0.72),(15.75, 1.69, 0.75),(15.75, 1.67, 0.59),(15.75, 1.86, 0.66),(15.75, 1.89, 0.65);CentroDerecha,CentroDerecha,CentroDerecha,CentroDerecha,CentroDerecha;Parada,Parada,Parada,Parada,Parada;RightHand,RightHand,RightHand,RightHand,RightHand;0.012589,3.805322,7.609865,11.402365,15.206061;1.178512,4.970265,8.775409,12.552479,16.344588

USER;GAME;DATE;TIME;LANZAMIENTOS_GENERADOS;PARADAS;GOLES;N_LUCES;TRACKING_FILE;MODE;LEVEL;K_HANDBALLADAPTED;IDEJERCICIO;GOLESOBJETIVO;TIEMPOOBJETIVO;TIPO_BOLA;ID_BOLA;PUNTO_INICIAL_BOLA;ID_PUNTO_INICIAL_BOLA;PUNTO_FINAL_BOLA;ID_PUNTO_FINAL_BOLA;PARADA_BOLA;MANO_PARADA;TIEMPO_DISPARO;TIEMPO_PARADA_O_GOL
25;HandBall;2025-07-04 16:41:55;18.99992;5;5;0;0;/storage/emulated/0/Android/data/com.RehabImmersive.HGTrainer/HandBall/25/TrackingData/OculusTracking_20250704_164155.csv;FixedShoots;Beginner;Handball;33;;;1,1,1,1,1;1,2,3,4,5;(4.79, 1.16, -1.07),(4.86, 1.15, -0.47),(4.79, 1.15, -0.66),(4.80, 1.15, -1.52),(4.89, 1.15, -1.56);Central,Central,Central,Central,Central;(15.75, 1.32, 0.71),(15.75, 1.21, 0.58),(15.75, 1.16, 0.52),(15.75, 1.21, 0.67),(15.75, 1.28, 0.68);CentroDerechaBajo,CentroDerechaBajo,CentroDerechaBajo,CentroDerechaBajo,CentroDerechaBajo;Parada,Parada,Parada,Parada,Parada;RightHand,RightHand,RightHand,RightHand,RightHand;0.012596,3.805586,7.598547,11.402595,15.208324;1.193356,4.971061,8.733918,12.582362,16.373672

USER;GAME;DATE;TIME;LANZAMIENTOS_GENERADOS;PARADAS;GOLES;N_LUCES;TRACKING_FILE;MODE;LEVEL;K_HANDBALLADAPTED;IDEJERCICIO;GOLESOBJETIVO;TIEMPOOBJETIVO;TIPO_BOLA;ID_BOLA;PUNTO_INICIAL_BOLA;ID_PUNTO_INICIAL_BOLA;PUNTO_FINAL_BOLA;ID_PUNTO_FINAL_BOLA;PARADA_BOLA;MANO_PARADA;TIEMPO_DISPARO;TIEMPO_PARADA_O_GOL
25;HandBall;2025-07-04 16:42:24;18.99988;5;4;1;0;/storage/emulated/0/Android/data/com.RehabImmersive.HGTrainer/HandBall/25/TrackingData/OculusTracking_20250704_164224.csv;FixedShoots;Beginner;Handball;34;;;1,1,1,1,1;1,2,3,4,5;(4.79, 1.16, -1.07),(4.75, 1.15, -0.29),(4.66, 1.15, -1.46),(4.76, 1.15, -1.77),(4.79, 1.15, -0.62);Central,Central,Central,Central,Central;(15.75, 1.14, -0.44),(15.75, 1.19, -0.60),(15.75, 1.30, -0.66),(15.75, 1.13, -0.69),(15.75, 1.41, -0.63);CentroIzquierdaBajo,CentroIzquierdaBajo,CentroIzquierdaBajo,CentroIzquierdaBajo,CentroIzquierdaBajo;Gol recibido,Parada,Parada,Parada,Parada;No parada,LeftHand,LeftHand,LeftHand,LeftHand;0.012621,3.805555,7.610291,11.40462,15.208445;1.277123,4.958192,8.763152,12.583286,16.346446

USER;GAME;DATE;TIME;LANZAMIENTOS_GENERADOS;PARADAS;GOLES;N_LUCES;TRACKING_FILE;MODE;LEVEL;K_HANDBALLADAPTED;IDEJERCICIO;GOLESOBJETIVO;TIEMPOOBJETIVO;TIPO_BOLA;ID_BOLA;PUNTO_INICIAL_BOLA;ID_PUNTO_INICIAL_BOLA;PUNTO_FINAL_BOLA;ID_PUNTO_FINAL_BOLA;PARADA_BOLA;MANO_PARADA;TIEMPO_DISPARO;TIEMPO_PARADA_O_GOL
25;HandBall;2025-07-04 16:42:54;18.99968;5;5;0;0;/storage/emulated/0/Android/data/com.RehabImmersive.HGTrainer/HandBall/25/TrackingData/OculusTracking_20250704_164254.csv;FixedShoots;Beginner;Handball;35;;;1,1,1,1,1;1,2,3,4,5;(4.79, 1.16, -1.07),(4.78, 1.16, -0.43),(4.73, 1.16, -1.80),(4.86, 1.16, -0.23),(4.72, 1.16, -1.84);Central,Central,Central,Central,Central;(15.75, 1.67, -0.07),(15.75, 1.79, 0.00),(15.75, 1.66, 0.05),(15.75, 1.68, 0.11),(15.75, 1.84, -0.03);Centro,Centro,Centro,Centro,Centro;Parada,Parada,Parada,Parada,Parada;Head,Head,Head,Head,Head;0.012381,3.80518,7.609349,11.401851,15.207173;1.164715,4.95605,8.775889,12.53957,16.372497

USER;GAME;DATE;TIME;LANZAMIENTOS_GENERADOS;PARADAS;GOLES;N_LUCES;TRACKING_FILE;MODE;LEVEL;K_HANDBALLADAPTED;IDEJERCICIO;GOLESOBJETIVO;TIEMPOOBJETIVO;TIPO_BOLA;ID_BOLA;PUNTO_INICIAL_BOLA;ID_PUNTO_INICIAL_BOLA;PUNTO_FINAL_BOLA;ID_PUNTO_FINAL_BOLA;PARADA_BOLA;MANO_PARADA;TIEMPO_DISPARO;TIEMPO_PARADA_O_GOL
25;HandBall;2025-07-04 16:43:23;19.00138;5;5;0;0;/storage/emulated/0/Android/data/com.RehabImmersive.HGTrainer/HandBall/25/TrackingData/OculusTracking_20250704_164323.csv;FixedShoots;Beginner;Handball;36;;;1,1,1,1,1;1,2,3,4,5;(4.79, 1.16, -1.07),(4.78, 1.15, -1.24),(4.81, 1.15, -1.76),(4.85, 1.15, -0.16),(4.71, 1.15, -1.08);Central,Central,Central,Central,Central;(15.75, 1.25, -0.06),(15.75, 1.26, 0.08),(15.75, 1.26, 0.00),(15.75, 1.27, 0.03),(15.75, 1.39, 0.14);CentroBajo,CentroBajo,CentroBajo,CentroBajo,CentroBajo;Parada,Parada,Parada,Parada,Parada;Trunk,Trunk,Trunk,Trunk,Trunk;0.012612,3.806642,7.611706,11.404702,15.209203;1.166152,4.944613,8.762942,12.555038,16.374555

USER;GAME;DATE;TIME;LANZAMIENTOS_GENERADOS;PARADAS;GOLES;N_LUCES;TRACKING_FILE;MODE;LEVEL;K_HANDBALLADAPTED;IDEJERCICIO;GOLESOBJETIVO;TIEMPOOBJETIVO;TIPO_BOLA;ID_BOLA;PUNTO_INICIAL_BOLA;ID_PUNTO_INICIAL_BOLA;PUNTO_FINAL_BOLA;ID_PUNTO_FINAL_BOLA;PARADA_BOLA;MANO_PARADA;TIEMPO_DISPARO;TIEMPO_PARADA_O_GOL
25;HandBall;2025-07-04 16:43:57;18.9995;5;5;0;0;/storage/emulated/0/Android/data/com.RehabImmersive.HGTrainer/HandBall/25/TrackingData/OculusTracking_20250704_164357.csv;FixedShoots;Beginner;Handball;37;;;1,1,1,1,1;1,2,3,4,5;(4.79, 1.16, -1.07),(4.78, 1.15, -0.74),(4.77, 1.15, -1.10),(4.80, 1.15, -1.43),(4.83, 1.15, -1.77);Central,Central,Central,Central,Central;(15.75, 1.35, -0.09),(15.75, 1.39, 0.16),(15.75, 1.17, 0.09),(15.75, 1.34, 0.07),(15.75, 1.27, 0.04);CentroBajo,CentroBajo,CentroBajo,CentroBajo,CentroBajo;Parada,Parada,Parada,Parada,Parada;Trunk,Trunk,Trunk,Trunk,Trunk;0.012616,3.805322,7.610724,11.403624,15.207901;3.456268,7.234945,11.052502,14.87297,18.692123

USER;GAME;DATE;TIME;LANZAMIENTOS_GENERADOS;PARADAS;GOLES;N_LUCES;TRACKING_FILE;MODE;LEVEL;K_HANDBALLADAPTED;IDEJERCICIO;GOLESOBJETIVO;TIEMPOOBJETIVO;TIPO_BOLA;ID_BOLA;PUNTO_INICIAL_BOLA;ID_PUNTO_INICIAL_BOLA;PUNTO_FINAL_BOLA;ID_PUNTO_FINAL_BOLA;PARADA_BOLA;MANO_PARADA;TIEMPO_DISPARO;TIEMPO_PARADA_O_GOL
25;HandBall;2025-07-04 16:44:26;18.99937;5;5;0;0;/storage/emulated/0/Android/data/com.RehabImmersive.HGTrainer/HandBall/25/TrackingData/OculusTracking_20250704_164426.csv;FixedShoots;Beginner;Handball;38;;;1,1,1,1,1;1,2,3,4,5;(4.79, 1.16, -1.07),(4.80, 1.16, -1.35),(4.82, 1.17, -0.80),(4.77, 1.16, -1.32),(4.81, 1.16, -0.85);Central,Central,Central,Central,Central;(15.75, 1.69, 0.18),(15.75, 1.87, 0.06),(15.75, 1.73, 0.05),(15.75, 1.75, 0.02),(15.75, 1.84, -0.01);Centro,Centro,Centro,Centro,Centro;Parada,Parada,Parada,Parada,Parada;Head,Head,Head,Head,Head;0.012708,3.805346,7.59856,11.40255,15.20784;3.470269,7.289114,11.039845,14.859194,18.651122

USER;GAME;DATE;TIME;LANZAMIENTOS_GENERADOS;PARADAS;GOLES;N_LUCES;TRACKING_FILE;MODE;LEVEL;K_HANDBALLADAPTED;IDEJERCICIO;GOLESOBJETIVO;TIEMPOOBJETIVO;TIPO_BOLA;ID_BOLA;PUNTO_INICIAL_BOLA;ID_PUNTO_INICIAL_BOLA;PUNTO_FINAL_BOLA;ID_PUNTO_FINAL_BOLA;PARADA_BOLA;MANO_PARADA;TIEMPO_DISPARO;TIEMPO_PARADA_O_GOL
25;HandBall;2025-07-04 16:44:55;18.99959;5;4;1;0;/storage/emulated/0/Android/data/com.RehabImmersive.HGTrainer/HandBall/25/TrackingData/OculusTracking_20250704_164455.csv;FixedShoots;Beginner;Handball;39;;;1,1,1,1,1;1,2,3,4,5;(4.79, 1.16, -1.07),(4.74, 1.15, -1.29),(4.76, 1.15, -0.93),(4.73, 1.15, -0.59),(4.70, 1.15, -0.36);Central,Central,Central,Central,Central;(15.75, 1.15, -0.47),(15.75, 1.26, -0.46),(15.75, 1.16, -0.52),(15.75, 1.38, -0.42),(15.75, 1.26, -0.49);CentroIzquierdaBajo,CentroIzquierdaBajo,CentroIzquierdaBajo,CentroIzquierdaBajo,CentroIzquierdaBajo;Parada,Parada,Parada,Parada,Gol recibido;LeftForearm,LeftForearm,LeftForearm,LeftForearm,No parada;0.012421,3.806434,7.598137,11.402494,15.20681;3.512578,7.331081,11.109158,14.872611,18.944075

USER;GAME;DATE;TIME;LANZAMIENTOS_GENERADOS;PARADAS;GOLES;N_LUCES;TRACKING_FILE;MODE;LEVEL;K_HANDBALLADAPTED;IDEJERCICIO;GOLESOBJETIVO;TIEMPOOBJETIVO;TIPO_BOLA;ID_BOLA;PUNTO_INICIAL_BOLA;ID_PUNTO_INICIAL_BOLA;PUNTO_FINAL_BOLA;ID_PUNTO_FINAL_BOLA;PARADA_BOLA;MANO_PARADA;TIEMPO_DISPARO;TIEMPO_PARADA_O_GOL
25;HandBall;2025-07-04 16:45:28;19.00105;5;5;0;0;/storage/emulated/0/Android/data/com.RehabImmersive.HGTrainer/HandBall/25/TrackingData/OculusTracking_20250704_164528.csv;FixedShoots;Beginner;Handball;40;;;1,1,1,1,1;1,2,3,4,5;(4.79, 1.16, -1.07),(4.86, 1.15, -1.83),(4.92, 1.15, -1.75),(4.92, 1.15, -1.70),(4.91, 1.15, -1.66);Central,Central,Central,Central,Central;(15.75, 1.38, 0.73),(15.75, 1.40, 0.64),(15.75, 1.27, 0.73),(15.75, 1.41, 0.68),(15.75, 1.18, 0.63);CentroDerechaBajo,CentroDerechaBajo,CentroDerechaBajo,CentroDerechaBajo,CentroDerechaBajo;Parada,Parada,Parada,Parada,Parada;RightHand,RightForearm,RightForearm,RightHand,RightForearm;0.012444,3.806224,7.610384,11.405193,15.208886;3.52699,7.359886,11.16594,14.929666,18.721255

USER;GAME;DATE;TIME;LANZAMIENTOS_GENERADOS;PARADAS;GOLES;N_LUCES;TRACKING_FILE;MODE;LEVEL;K_HANDBALLADAPTED;IDEJERCICIO;GOLESOBJETIVO;TIEMPOOBJETIVO;TIPO_BOLA;ID_BOLA;PUNTO_INICIAL_BOLA;ID_PUNTO_INICIAL_BOLA;PUNTO_FINAL_BOLA;ID_PUNTO_FINAL_BOLA;PARADA_BOLA;MANO_PARADA;TIEMPO_DISPARO;TIEMPO_PARADA_O_GOL
25;HandBall;2025-07-04 16:46:27;19.0003;5;5;0;0;/storage/emulated/0/Android/data/com.RehabImmersive.HGTrainer/HandBall/25/TrackingData/OculusTracking_20250704_164627.csv;FixedShoots;Beginner;Handball;42;;;1,1,1,1,1;1,2,3,4,5;(4.79, 1.16, -1.07),(4.74, 1.17, -1.03),(4.72, 1.16, -1.95),(4.80, 1.16, -1.11),(4.74, 1.17, -0.23);Central,Central,Central,Central,Central;(15.75, 1.92, -0.55),(15.75, 1.77, -0.72),(15.75, 1.64, -0.70),(15.75, 1.87, -0.52),(15.75, 1.69, -0.71);CentroIzquierda,CentroIzquierda,CentroIzquierda,CentroIzquierda,CentroIzquierda;Parada,Parada,Parada,Parada,Parada;LeftHand,LeftHand,LeftHand,LeftHand,LeftHand;0.013191,3.805241,7.600012,11.403781,15.208499;3.443634,7.235534,11.165874,14.887618,18.707838

USER;GAME;DATE;TIME;LANZAMIENTOS_GENERADOS;PARADAS;GOLES;N_LUCES;TRACKING_FILE;MODE;LEVEL;K_HANDBALLADAPTED;IDEJERCICIO;GOLESOBJETIVO;TIEMPOOBJETIVO;TIPO_BOLA;ID_BOLA;PUNTO_INICIAL_BOLA;ID_PUNTO_INICIAL_BOLA;PUNTO_FINAL_BOLA;ID_PUNTO_FINAL_BOLA;PARADA_BOLA;MANO_PARADA;TIEMPO_DISPARO;TIEMPO_PARADA_O_GOL
25;HandBall;2025-07-04 16:46:56;19.00051;5;5;0;0;/storage/emulated/0/Android/data/com.RehabImmersive.HGTrainer/HandBall/25/TrackingData/OculusTracking_20250704_164656.csv;FixedShoots;Beginner;Handball;43;;;1,1,1,1,1;1,2,3,4,5;(4.79, 1.16, -1.07),(4.84, 1.16, -1.35),(4.89, 1.16, -1.20),(4.86, 1.17, -1.06),(4.84, 1.17, -0.93);Central,Central,Central,Central,Central;(15.75, 1.65, 0.59),(15.75, 1.77, 0.75),(15.75, 1.87, 0.64),(15.75, 1.90, 0.57),(15.75, 1.66, 0.51);CentroDerecha,CentroDerecha,CentroDerecha,CentroDerecha,CentroDerecha;Parada,Parada,Parada,Parada,Parada;RightHand,RightHand,RightHand,RightHand,RightHand;0.012599,3.805472,7.599369,11.402299,15.208435;3.497707,7.318702,11.010873,14.915908,18.693371

USER;GAME;DATE;TIME;LANZAMIENTOS_GENERADOS;PARADAS;GOLES;N_LUCES;TRACKING_FILE;MODE;LEVEL;K_HANDBALLADAPTED;IDEJERCICIO;GOLESOBJETIVO;TIEMPOOBJETIVO;TIPO_BOLA;ID_BOLA;PUNTO_INICIAL_BOLA;ID_PUNTO_INICIAL_BOLA;PUNTO_FINAL_BOLA;ID_PUNTO_FINAL_BOLA;PARADA_BOLA;MANO_PARADA;TIEMPO_DISPARO;TIEMPO_PARADA_O_GOL
25;HandBall;2025-07-04 16:47:29;19.00067;5;5;0;0;/storage/emulated/0/Android/data/com.RehabImmersive.HGTrainer/HandBall/25/TrackingData/OculusTracking_20250704_164729.csv;FixedShoots;Beginner;Handball;44;;;1,1,1,1,1;1,2,3,4,5;(4.79, 1.16, -1.07),(4.67, 1.15, -1.93),(4.75, 1.15, -0.34),(4.61, 1.15, -1.05),(4.67, 1.15, -1.91);Central,Central,Central,Central,Central;(15.75, 1.21, -1.19),(15.75, 1.17, -1.27),(15.75, 1.40, -1.16),(15.75, 1.21, -1.22),(15.75, 1.40, -1.26);BajoIzquierda,BajoIzquierda,BajoIzquierda,BajoIzquierda,BajoIzquierda;Parada,Parada,Parada,Parada,Parada;LeftHand,LeftHand,LeftHand,LeftHand,LeftHand;0.012568,3.80723,7.600371,11.403956,15.210228;3.430952,7.249551,11.068993,14.930869,18.694137

USER;GAME;DATE;TIME;LANZAMIENTOS_GENERADOS;PARADAS;GOLES;N_LUCES;TRACKING_FILE;MODE;LEVEL;K_HANDBALLADAPTED;IDEJERCICIO;GOLESOBJETIVO;TIEMPOOBJETIVO;TIPO_BOLA;ID_BOLA;PUNTO_INICIAL_BOLA;ID_PUNTO_INICIAL_BOLA;PUNTO_FINAL_BOLA;ID_PUNTO_FINAL_BOLA;PARADA_BOLA;MANO_PARADA;TIEMPO_DISPARO;TIEMPO_PARADA_O_GOL
25;HandBall;2025-07-04 16:47:58;19.00135;5;5;0;0;/storage/emulated/0/Android/data/com.RehabImmersive.HGTrainer/HandBall/25/TrackingData/OculusTracking_20250704_164758.csv;FixedShoots;Beginner;Handball;45;;;1,1,1,1,1;1,2,3,4,5;(4.79, 1.16, -1.07),(4.91, 1.15, -0.28),(4.85, 1.15, -0.02),(4.80, 1.15, -0.10),(4.81, 1.15, -0.38);Central,Central,Central,Central,Central;(15.75, 1.23, 1.32),(15.75, 1.24, 1.37),(15.75, 1.24, 1.13),(15.75, 1.14, 1.21),(15.75, 1.23, 1.10);BajoDerecha,BajoDerecha,BajoDerecha,BajoDerecha,BajoDerecha;Parada,Parada,Parada,Parada,Parada;RightHand,RightHand,RightHand,RightHand,RightForearm;0.01264,3.805301,7.611338,11.404412,15.209437;3.540458,7.276088,11.096208,14.902329,18.74959

USER;GAME;DATE;TIME;LANZAMIENTOS_GENERADOS;PARADAS;GOLES;N_LUCES;TRACKING_FILE;MODE;LEVEL;K_HANDBALLADAPTED;IDEJERCICIO;GOLESOBJETIVO;TIEMPOOBJETIVO;TIPO_BOLA;ID_BOLA;PUNTO_INICIAL_BOLA;ID_PUNTO_INICIAL_BOLA;PUNTO_FINAL_BOLA;ID_PUNTO_FINAL_BOLA;PARADA_BOLA;MANO_PARADA;TIEMPO_DISPARO;TIEMPO_PARADA_O_GOL
25;HandBall;2025-07-04 16:48:27;19.00031;5;5;0;0;/storage/emulated/0/Android/data/com.RehabImmersive.HGTrainer/HandBall/25/TrackingData/OculusTracking_20250704_164827.csv;FixedShoots;Beginner;Handball;46;;;1,1,1,1,1;1,2,3,4,5;(4.79, 1.16, -1.07),(4.67, 1.17, -1.58),(4.73, 1.16, -0.85),(4.66, 1.16, -0.15),(4.58, 1.16, -0.46);Central,Central,Central,Central,Central;(15.75, 1.86, -1.27),(15.75, 1.78, -1.09),(15.75, 1.80, -1.06),(15.75, 1.72, -1.29),(15.75, 1.79, -1.15);EscuadraIzquierda,EscuadraIzquierda,EscuadraIzquierda,EscuadraIzquierda,EscuadraIzquierda;Parada,Parada,Parada,Parada,Parada;LeftHand,LeftHand,LeftHand,LeftHand,LeftHand;0.012742,3.806059,7.600194,11.404244,15.198048;3.51315,7.332814,11.138627,14.972174,18.804809

USER;GAME;DATE;TIME;LANZAMIENTOS_GENERADOS;PARADAS;GOLES;N_LUCES;TRACKING_FILE;MODE;LEVEL;K_HANDBALLADAPTED;IDEJERCICIO;GOLESOBJETIVO;TIEMPOOBJETIVO;TIPO_BOLA;ID_BOLA;PUNTO_INICIAL_BOLA;ID_PUNTO_INICIAL_BOLA;PUNTO_FINAL_BOLA;ID_PUNTO_FINAL_BOLA;PARADA_BOLA;MANO_PARADA;TIEMPO_DISPARO;TIEMPO_PARADA_O_GOL
25;HandBall;2025-07-04 16:48:56;18.99994;5;5;0;0;/storage/emulated/0/Android/data/com.RehabImmersive.HGTrainer/HandBall/25/TrackingData/OculusTracking_20250704_164856.csv;FixedShoots;Beginner;Handball;47;;;1,1,1,1,1;1,2,3,4,5;(4.79, 1.16, -1.07),(4.91, 1.17, -1.86),(4.97, 1.16, -1.75),(4.98, 1.16, -1.65),(4.96, 1.16, -1.55);Central,Central,Central,Central,Central;(15.75, 1.93, 1.36),(15.75, 1.80, 1.14),(15.75, 1.72, 1.31),(15.75, 1.65, 1.23),(15.75, 1.78, 1.14);EscuadraDerecha,EscuadraDerecha,EscuadraDerecha,EscuadraDerecha,EscuadraDerecha;Parada,Parada,Parada,Parada,Parada;RightHand,RightHand,RightHand,RightHand,RightHand;0.012534,3.806343,7.599211,11.402614,15.208596;3.56867,7.415772,11.18007,14.95743,18.734897

